Barely Legal 133,00419681,barelylegal,10/22/2012,NEEDS BRIGHTCOVE ASSET IDS
Barely Legal 134,00419682,barelylegal,11/20/2012,
Barely Legal 135,00419683,barelylegal,12/18/2012,
Barely Legal 137,00419686,barelylegal,02/20/2013,
Barely Legal POV 12,00419688,barelylegal,08/02/2011,
Barely Legal POV 14,00419689,barelylegal,04/30/2012,
Sasha Heart's Lesbian Fetish Show,00419778,hardcorego,02/22/2014,
Barely Legal 139,00420595,barelylegal,08/15/2013,
Barely Legal 142,00420598,barelylegal,11/19/2013,
Barely Legal POV 13,00420599,barelylegal,02/05/2012,
Barely Legal POV 15,00420600,barelylegal,06/16/2012,
Barely Legal POV 16,00420605,barelylegal,09/10/2012,
Bad Lesbians 3,00420931,gotgirls,06/19/2013,
Barely Legal 143,00421043,barelylegal,12/20/2013,
Barely Legal Orgy,00421044,barelylegal,07/22/2013,
Daddy's Boner,00421077,themensroom,05/24/2012,
Staying In 3,00421309,hardcorego,11/05/2014,
Busty Office MILF's 6,00421325,hardcorego,11/30/2014,
There's Only One: Abigail Mac,00421357,gotgirls,11/14/2014,
BBW Nurses,00422558,hardcorego,08/27/2014,
I Ruined Your Girlfriend,00423621,xtsy,04/01/2015,
My Family's Creampie Recipe,00423921,hardcorego,10/28/2014,
I Came Inside My Sister,00423937,hardcorego,09/30/2014,
Bar Memories,00424906,gotgirls,09/24/2014,
Accidentally Lesbian,00424943,gotgirls,02/04/2014,
Lesbian Triangles 29,00425510,gotgirls,08/12/2014,
Father's Forbidden Fantasies 2,00425862,hardcorego,09/27/2014,
Double D Girls 2,00426000,gotgirls,09/17/2014,
Shirt & Tie Lesbians 2,00426168,gotgirls,12/19/2014,
Pumping The Iron,00430662,themensroom,01/21/2014,
Barely Legal Amish Girls,00430835,barelylegal,03/25/2014,
Roleplay Lovers,00432768,hardcorego,09/20/2014,
Deep Throat This 69,00433320,hardcorego,10/14/2014,
There's Only One: Vanessa Veracruz,00433674,gotgirls,02/12/2015,
Sex Message 2,00434193,gotgirls,09/26/2014,
3 Girls For Every Guy! 2,00434289,hardcorego,04/18/2014,
Czech Up 19,00434695,themensroom,04/17/2013,
Accidentally Lesbian 2,00435269,gotgirls,01/08/2015,
Boobs Vs Boobs,00435329,gotgirls,07/27/2014,
A Couple's Guide To Fifty Shades 2,00435452,hardcorego,10/05/2014,
Fornication 101 - 5th Semester,00436063,hardcorego,10/15/2014,
I Like Black Boys 13,00436099,hardcorego,11/28/2014,
Shane Diesel's Who's Your Daddy Now? 2,00436205,hardcorego,10/24/2014,
The Bigger The Better,00437478,themensroom,01/20/2014,
Backdoor Letters,00437528,hardcorego,11/16/2014,
Fathers I'd Like To Fuck 2,00437566,hardcorego,12/07/2014,
C You Next Tuesday 4,00439134,gotgirls,02/12/2015,
Princesses Of Boobs,00439189,gotgirls,01/27/2015,
We Are Hairy,00439318,hardcorego,12/21/2014,
Teenage Rampage 16,00439792,hardcorego,02/11/2014,
She's In Control,00440245,gotgirls,03/26/2015,
Girlfriends 8,00442342,gotgirls,03/27/2015,
There's Only One Karlie Montana,00442394,gotgirls,04/15/2015,
Pantyhose Anal Sex Trannys!,00442562,hustler,02/15/2015,
Perky 3,00443205,hardcorego,09/25/2014,
Prinzzess & Her Girlfriends,00443508,gotgirls,11/07/2012,
Wet For Women 2,00443572,gotgirls,02/24/2015,
Big Butt BDSM,00444855,hardcorego,05/06/2015,
Explode Inside Her!,00447272,xtsy,02/21/2015,
Nurses Takin' on Big Dicks 2,00447572,hardcorego,06/04/2015,
After Hours,00447884,gotgirls,03/12/2015,
The Destruction of Danica Dillon,00448462,gotgirls,04/11/2015,
The Seduction of Layton Benton,00448472,gotgirls,05/09/2015,
Lesbian Roadtrips,00448709,gotgirls,03/17/2015,
Lesbian Triangles 31,00449151,gotgirls,04/03/2015,
Women Seeking Women 115,00449198,gotgirls,02/05/2015,
Begging For Cock,00450184,themensroom,01/27/2015,
My Mom Likes Girls 5,00450661,gotgirls,06/30/2015,
Imperfect Angels 12,00452172,gotgirls,06/02/2015,
Best Friends 4,00452342,gotgirls,05/27/2015,
Lesbian Training Day 4,00452522,gotgirls,05/23/2015,
I Dream Of Twinky: A Magical XXX Fantasy,00452972,themensroom,11/05/2014,
Reading Room,00453119,gotgirls,03/14/2015,
Venice,00453135,gotgirls,11/29/2014,
Barely Legal Anniversary,00453597,barelylegal,04/22/2015,
Coach's Dirty Secret,00453713,themensroom,04/30/2015,
Women Seeking Women 116,00455522,gotgirls,03/26/2012,
Karlie Montana's Lesbian Couch Crashers,00456207,gotgirls,06/23/2015,
Holiday,00456346,gotgirls,04/17/2015,
Senses,00456362,gotgirls,04/16/2015,
Whores For Authority,00456673,themensroom,03/29/2015,
Can't Look Away,00456704,themensroom,04/07/2015,
Un-Dressed Up,00456766,themensroom,03/21/2015,
Women Seeking Women 118,00457338,gotgirls,02/23/2015,
Road Queen 33,00457370,gotgirls,03/07/2015,
Lesbian Sex 16,00457402,gotgirls,06/16/2015,
Black Cock Justice,00457821,hardcorego,05/08/2015,
Hung Public Prowlers,00459531,themensroom,05/07/2015,
Women Seeking Women 119,00459972,gotgirls,04/21/2015,
Mother-Daughter Exchange Club 39,00459991,gotgirls,07/20/2015,
Wet For Women 3,00460023,gotgirls,04/20/2015,
Ageless Romance,00460212,gotgirls,05/15/2010,
Lesbian Oil Wrestling,00460536,hustler,03/05/2015,
Lesbian Swingers,00461062,gotgirls,09/16/2015,
Gambling,00461655,gotgirls,05/20/2015,
Vacancy,00463239,gotgirls,06/08/2015,
Horny Grannies Love To Fuck 9,00465456,hardcorego,06/18/2015,
C You Next Tuesday 5,00466168,gotgirls,09/04/2015,
Grandma's Old Wet Dirty Coochie,00466298,xtsy,09/26/2015,
School Girls With Attitude,00467720,xtsy,06/11/2015,
Pool Party Pass-Arounds,00468815,themensroom,08/28/2015,
Shy Love's: Wet,00470217,gotgirls,10/29/2015,
Pussy Crazy,00470803,gotgirls,10/10/2015,
Barely Legal 148,00471029,"barelylegal,hardcorego",03/19/2015,
Sweatin' To The Oldies,00471276,hardcorego,12/29/2015,
"Me, My Brother, & Another",00472293,xtsy,09/24/2015,
Thick Massive Butts Broken In,00474465,xtsy,11/19/2015,
"Sex, Lust And Videotape",00475277,gotgirls,07/31/2015,
Glory Hole Trannys: Surprise Seductions,00476597,xtsy,02/13/2016,
Bareback Cheaters,00476741,themensroom,02/02/2016,
Very Cute Teens First Anal Play,00477010,xtsy,12/19/2015,
Women Seeking Women 125,00477278,gotgirls,12/11/2015,
It's All Pink Inside,00477342,gotgirls,01/15/2016,
Stepfamily Anal Stretchers!,00478223,xtsy,03/31/2016,
Hung Hardbodies,00478253,themensroom,01/11/2016,
Raw Hookups,00479579,themensroom,02/03/2016,
Hung Power Bottoms,00480204,themensroom,02/01/2016,
"Holy Cow, It's Huge",00480206,themensroom,02/01/2016,
Hot Gay Massages,00480207,themensroom,02/01/2016,
Strapped 3,00480361,gotgirls,04/04/2016,
1st Monster Black Gangbang,00480460,xtsy,03/22/2016,
Riding Gay Guys Into The Night,00480539,themensroom,03/01/2016,
Twinks Of Montreal,00480540,themensroom,03/10/2016,
Twinks Of Montreal,00480540,themensroom,03/10/2016,
Black Dungeon Doms,00480987,themensroom,10/29/2015,
Ravaged,00481043,themensroom,09/02/2015,
Locker Room Hook-Up,00481105,themensroom,11/14/2015,
REM,00481346,gotgirls,08/01/2015,
Lesbian House Hunters 12,00481400,gotgirls,03/16/2016,
Ultra Massive MILF Melons,00482208,xtsy,11/21/2015,
Transsexual Girlfriend Experience,00482343,xtsy,03/25/2016,
Horny As Fuck,00482415,themensroom,04/05/2016,
Secret Dorms,00482446,themensroom,02/24/2016,
Taboo Stepfamily Reunion Slams,00482478,xtsy,05/09/2016,
Raw Reunions,00482701,themensroom,01/10/2016,
Competitive Cocks,00482757,themensroom,02/04/2016,
MILF on MILF 2,00483529,gotgirls,04/08/2016,
First Time Stories,00483637,gotgirls,11/23/2015,
One Small Step,00483653,gotgirls,11/26/2015,
Gorgeous Girls' Sapphic Journey,00484114,gotgirls,02/14/2014,
My Sweet Diary,00484583,gotgirls,11/28/2015,
Red Passion,00484599,gotgirls,11/28/2015,
Bra Busters 6,00484947,hardcorego,10/23/2014,
My Stepsister Likes It Rough & Deep,00484995,xtsy,11/18/2015,
Spunk-Swapping Filthy Threesomes,00485032,xtsy,07/02/2015,
13'' Black Dong Penetrated My Butt,00485155,xtsy,05/17/2015,
Personal Touch,00485276,themensroom,01/27/2016,
Overcoming Big-Cock Phobia,00485307,themensroom,02/04/2016,
"Wanna Fuck My Wife, Gotta Fuck Me Too 7",00485652,themensroom,05/05/2016,
Women Seeking Women 128,00486359,gotgirls,01/09/2015,
Mother-Daughter Exchange Club 43,00486375,gotgirls,03/25/2016,
Squirting MILFs Drilled By Black,00486832,xtsy,06/06/2016,
Lesbian Anal-Fingering Fun,00487411,xtsy,07/05/2016,
Morning Wood: Woke Up Gay,00488141,themensroom,08/01/2016,
Lingerie Obsession,00488780,gotgirls,11/27/2015,
And In The End,00488796,gotgirls,11/26/2015,
Lesbian Seductions Older/Younger 55,00488828,gotgirls,05/13/2016,
Twisted Passions 18,00488844,gotgirls,06/02/2016,
Young Nurses Service Big Daddy Shaft,00488989,xtsy,06/28/2016,
Big Dick Brothas,00489213,themensroom,04/16/2016,
Couple's Fantasy,00489244,themensroom,03/29/2016,
Barely Legal 153,00489538,barelylegal,08/05/2015,
Tied Up Cheating Hotwives Stretched,00489545,xtsy,04/15/2016,
Make 'Em Sweat 3,00489858,barelylegal,05/06/2016,
Physical Pleasures,00489939,themensroom,04/22/2016,
Str8 Dude's 1st Bareback Breeding,00489966,themensroom,04/23/2016,
Virgin Twinks,00489992,themensroom,10/22/2015,
Stick It In,00490044,themensroom,02/24/2016,
1st Lesbian Anal Strap-On Gangbang,00490954,xtsy,07/01/2016,
Lesbian Office Affairs,00491288,gotgirls,04/30/2016,
Lesbian Fuckfest,00491385,gotgirls,05/05/2016,
Mother-Daughter Exchange Club 44,00491584,gotgirls,06/21/2016,
Cheer Squad Sleepovers 18,00491604,gotgirls,06/24/2016,
Getting Closer,00491620,gotgirls,01/13/2016,
Every Inch Fucked,00492166,themensroom,05/25/2016,
Busted & Banged,00492223,themensroom,04/12/2016,
Daily Grind,00492254,themensroom,05/26/2016,
Presidential Erections,00492281,themensroom,02/20/2016,
Granny Keeps It Extra-Tight For Rod,00493228,xtsy,09/01/2016,
19YOs Love Hair-Pulling & Spanking,00493658,xtsy,12/01/2016,
"Wife, Husband, Mistress Filthy 3Way 2",00494078,xtsy,07/15/2016,
My Hot Transsexual Girlfriend,00494114,hustler,08/09/2016,
Stepmommy Squirted All Over Me!,00494440,xtsy,08/25/2016,
A History of Lesbians,00494547,gotgirls,05/18/2016,
Brothers Without Rubbers,00494802,themensroom,04/09/2016,
Putting Out,00494828,themensroom,05/11/2016,
Hung Hunk Spunk,00494854,themensroom,04/11/2016,
Big Dickin Around,00494880,themensroom,06/17/2016,
Voyeurism,00495261,gotgirls,01/12/2016,
Celebration Oral Sex,00495277,gotgirls,01/14/2016,
